VID,Speed,Position(X),Position(Y),LID
car_flow_2.4,0,510.647248,501.6,5
route0.3,9,498.4,482.2751988479999,11
route0.4,0,527.785696,501.6,5
route1.2,0,566.9585920000001,501.6,5
route4.8,12,996.4246274560002,501.6,5
route4.9,0,547.372144,501.6,5
vertical.7,18,501.6,438.50834769600016,9
vertical.8,11,498.4,434.922588288,11
vertical.9,13,501.6,702.9077872959999,15
