VID,Speed,Position(X),Position(Y),LID
route4.9,14,90.83699999999999,69.40231615120275,5
